"Iteration","TestAccuracy","TestRMSE","ExpectedAccuracy","ExpectedRMSE"
1,0.861111111111111,0.375336736110665,0.76,0.43
1,0.861111111111111,0.375336736110665,0.76,0.43
